{
  "$schema": "http://json-schema.org/draft-07/schema",
  "title": "Recipe-MPR",
  "description": "Recipe query, options, explanations, and correct answer",
  "type": "array",
  "items": {
    "type": "object",
    "properties": {
      "query": {
        "description": "Recipe query",
        "type": "string"
      },
      "query_type": {
        "description": "Query type labels where true/false represented by 1/0",
        "type": "object",
        "properties": {
          "Specific": {
            "type": "number",
            "maximum": 1,
            "minimum": 0
          },
          "Indirect": {
            "type": "number",
            "maximum": 1,
            "minimum": 0
          },
          "Negated": {
            "type": "number",
            "maximum": 1,
            "minimum": 0
          },
          "Analogical": {
            "type": "number",
            "maximum": 1,
            "minimum": 0
          },
          "Temporal": {
            "type": "number",
            "maximum": 1,
            "minimum": 0
          }
        },
        "required": ["Specific", "Commonsense", "Negated", "Analogical", "Temporal"]
      },
      "options": {
        "description": "Recipe ID and text description pairs",
        "type": "object",
        "patternProperties": {
          "^[a-zA-Z0-9]$": {
            "type": "string"
          }
        },
        "minProperties": 5,
        "maxProperties": 5
      },
      "answer": {
        "description": "Recipe ID of correct choice",
        "type": "string"
      },
      "correctness_explanation": {
        "description": "Mapping of query terms to terms in the answer description that makes it correct",
        "type": "object",
        "properties": {
          "[.]": {
            "type": "string",
            "oneOf": [
              {"type" : "string"},
              {"type": "array"}
            ]
          }
        },
        "minProperties": 1
      }
    },
    "required": ["query", "query_type", "options", "answer", "incorrectness_explanations", "correctness_explanation"]
  },
  "minProperties": 100
}

